,president
0,https://www.searchenginejournal.com/barack-obama-president-of-the-tech-era/51229/
1,https://www.searchenginejournal.com/interview-with-the-chris-boggs-president-of-sempo/38657/
2,https://www.searchenginejournal.com/google-responds-to-trump-claiming-it-didnt-promote-his-state-of-the-union-address/267637/
3,https://www.searchenginejournal.com/googles-senior-vice-president-knowledge-leaving-company/125143/
4,https://www.searchenginejournal.com/why-there-are-so-few-vice-presidents-of-search-engine-optimization/387024/
5,https://www.searchenginejournal.com/yahoos-patrick-crane-joins-linkedin-as-vice-president-of-marketing/5226/
6,https://www.searchenginejournal.com/feedster-gets-new-president-funding/3631/
7,https://www.searchenginejournal.com/president-bush-indicted-for-podcasting/2048/
8,https://www.searchenginejournal.com/yahoo-publisher-network-vice-president-shakeup/3999/
9,https://www.searchenginejournal.com/google-appoints-princeton-university-president-shirley-m-tilghman-phd-to-board-of-directors/2302/
10,https://www.searchenginejournal.com/author/greg-jarboe/
11,https://www.searchenginejournal.com/watch-the-obama-inauguration-online/8328/
12,https://www.searchenginejournal.com/tiktok-ban-in-us-delayed-for-a-week/381490/
13,https://www.searchenginejournal.com/trump-regulate-google/267323/
14,https://www.searchenginejournal.com/author/carole-alalouf/
15,https://www.searchenginejournal.com/facebook-and-cnn-launch-election-insights/56310/
16,https://www.searchenginejournal.com/sejsummit-returns-2017-registration-now-open/182789/
17,https://www.searchenginejournal.com/state-of-the-union-live-and-interactive/58268/
18,https://www.searchenginejournal.com/author/duane-forrester/
19,https://www.searchenginejournal.com/author/blake-denman/
20,https://www.searchenginejournal.com/author/manish-dudharejia/
21,https://www.searchenginejournal.com/author/gregg-schwartz/
22,https://www.searchenginejournal.com/aol-ceo-armstrong-google/9205/
23,https://www.searchenginejournal.com/google-shopping-actions/243695/
24,https://www.searchenginejournal.com/author/eric-holmen/
25,https://www.searchenginejournal.com/author/marissa-taffer/
26,https://www.searchenginejournal.com/author/mark-traphagen/
27,https://www.searchenginejournal.com/author/erin-robbins/
28,https://www.searchenginejournal.com/author/digital-elevator/
29,https://www.searchenginejournal.com/author/jenny-halasz/
30,https://www.searchenginejournal.com/author/bill-hunt/
31,https://www.searchenginejournal.com/glimpse-sejsummit-new-york/176323/
32,https://www.searchenginejournal.com/looksmart-appoints-new-ceo/970/
33,https://www.searchenginejournal.com/us-search-awards-2015-reveals-lineup-international-judges/130660/
34,https://www.searchenginejournal.com/major-google-adwords-changes-announced-expanded-text-ads-new-local-search-ads/164622/
35,https://www.searchenginejournal.com/george-w-bush-not-miserable-failure-says-aol/261/
36,https://www.searchenginejournal.com/agenda-announced-sejsummit-new-york/171018/
37,https://www.searchenginejournal.com/seomonitor-win-big-clients-for-your-agency/390249/
38,https://www.searchenginejournal.com/new-rules-customer-generation-webinar-preview2/416966/
39,https://www.searchenginejournal.com/watch-obama-state-of-the-union-address-live-online/16874/
40,https://www.searchenginejournal.com/author/cynthia-price/
41,https://www.searchenginejournal.com/new-report-reveals-the-3-trends-shaping-email-marketing-in-2020/330669/
42,https://www.searchenginejournal.com/moz-acquired-by-icontact-with-plans-to-improve-seo-toolset/409560/
43,https://www.searchenginejournal.com/yahoo-to-beef-up-online-ad-targeting/8816/
44,https://www.searchenginejournal.com/facebook-waits-thanksgiving-decision-2012/52442/
45,https://www.searchenginejournal.com/microsofts-kevin-johnson-casualty-of-the-failed-yahoo-deal/7358/
46,https://www.searchenginejournal.com/executive-order-weaken-cda-230/370809/
47,https://www.searchenginejournal.com/category/mobile/page/13/
48,https://www.searchenginejournal.com/dave-sifry-leaves-technorati/5501/
49,https://www.searchenginejournal.com/microsoft-seals-advertising-deal-with-wall-street-journal/6304/
50,https://www.searchenginejournal.com/microsoft-seals-live-search-deal-with-hp/7011/
51,https://www.searchenginejournal.com/author/selena-narayanasamy/
52,https://www.searchenginejournal.com/digital-marketing-strategy-2020/346552/
53,https://www.searchenginejournal.com/author/jeff-riddall/
54,https://www.searchenginejournal.com/customer-generation-delivering-on-the-promise-demand-gen-forgot-about-webinar-preview/416331/
55,https://www.searchenginejournal.com/introducing-sejs-new-column-ask-an-seo/156996/
56,https://www.searchenginejournal.com/cost-effective-ways-create-content-new-content-trends/178711/
57,https://www.searchenginejournal.com/10-seo-tips-youd-surprised-didnt-know/145008/
58,https://www.searchenginejournal.com/author/beth-kahlich/
59,https://www.searchenginejournal.com/seo-101/seo-experts/
60,https://www.searchenginejournal.com/video-ads-actually-seen-google-will-soon-report-video-ad-viewability/123380/
61,https://www.searchenginejournal.com/microsoft-to-acquire-mobile-saas-company-danger/6358/
62,https://www.searchenginejournal.com/sold-june-13-searchmetrics-x-sej-executive-marketing-conference-event/109211/
63,https://www.searchenginejournal.com/seolympics-top-marketing-blogs-india/122761/
64,https://www.searchenginejournal.com/google-co-founders-larry-page-and-sergey-brin-resign/338501/
65,https://www.searchenginejournal.com/obama-google/8369/
66,https://www.searchenginejournal.com/win-a-free-pass-to-fooa-conference-in-new-york/4671/
67,https://www.searchenginejournal.com/friendster-names-ex-aol-executive-vp-of-sales/810/
68,https://www.searchenginejournal.com/smx-panel-recap-wikipedia-yahoo-answers-answer-sharing/5842/
69,https://www.searchenginejournal.com/us-senator-asks-ftc-to-investigate-googles-search-dominance/267653/
70,https://www.searchenginejournal.com/author/mindy-weinstein/
71,https://www.searchenginejournal.com/aol-and-cbs-radio-team-up-to-bring-online-videos-to-local-radio-station-website/6027/
72,https://www.searchenginejournal.com/author/iquanti/
73,https://www.searchenginejournal.com/local-search-guide-backed-by-yellow-pages-association-kelsey-group-and-sempo/1167/
74,https://www.searchenginejournal.com/google-mobile-speed-should-be-an-ongoing-priority/295823/
75,https://www.searchenginejournal.com/local-seo-build-engagement/241031/
76,https://www.searchenginejournal.com/author/michael-brito/
77,https://www.searchenginejournal.com/sxswi-2014-recap-can-great-journalism-make-great-business/94021/
78,https://www.searchenginejournal.com/google-enterprise-search-teams-up-with-ingram-micro/5220/
79,https://www.searchenginejournal.com/does-google-use-analytics-for-ranking-purposes/375988/
80,https://www.searchenginejournal.com/google-confirms-over-half-of-all-searches-come-from-mobile/143538/
81,https://www.searchenginejournal.com/microsoft-eyeing-ad-yield-management-solutions-provider-raft/6523/
82,https://www.searchenginejournal.com/dick-cheney-shoots-lawyer-on-quail-hunting-trip/2916/
83,https://www.searchenginejournal.com/mary-davies-search-engine-journal-community-award/330939/
84,https://www.searchenginejournal.com/microsoft-to-acquire-musiwave-is-izune-coming/5975/
85,https://www.searchenginejournal.com/its-yahoos-turn-to-defend-the-search-ad-deal-with-google/7764/
86,https://www.searchenginejournal.com/google-overture-and-go-toast-sponsor-the-sempo/310/
87,https://www.searchenginejournal.com/page-rearranges-google-adds-social-incentive/29120/
88,https://www.searchenginejournal.com/esummit-actionable-digital-insights/390886/
89,https://www.searchenginejournal.com/looksmart-adcenter-launches-private-label-contextual-advertising-service-for-publishers/4868/
90,https://www.searchenginejournal.com/high-oil-gas-prices-could-boost-internet-says-google/7151/
91,https://www.searchenginejournal.com/6-essential-accessories-brand-new-ipad-air/77463/
92,https://www.searchenginejournal.com/yahoo-introduces-new-yahoo-search/295/
93,https://www.searchenginejournal.com/feedburner-snags-yahoo-network-products-director-of-business-development/3108/
94,https://www.searchenginejournal.com/yahoo-onesearch-goes-to-att-media-net/7648/
95,https://www.searchenginejournal.com/google-to-reveal-some-of-its-code/643/
96,https://www.searchenginejournal.com/tumblr-down-for-maintenance-on-saturday/56351/
97,https://www.searchenginejournal.com/tiktok-launches-self-serve-advertising-platform-globally/373876/
98,https://www.searchenginejournal.com/googles-asian-homepages-optimized-for-broadband/5375/
99,https://www.searchenginejournal.com/marketingnerds-roger-montti-traditional-seo-versus-user-experience/136477/
100,https://www.searchenginejournal.com/yahoo-turns-to-radio-ads-to-attract-search-engine-users/6558/
101,https://www.searchenginejournal.com/develop-a-social-media-presence-that-customers-love-smx-toronto-workshop/57814/
102,https://www.searchenginejournal.com/googles-new-search-algorithm-seo-people-up-in-arms/160/
103,https://www.searchenginejournal.com/local-search-gets-25-of-online-buyers/273/
104,https://www.searchenginejournal.com/hp-releases-linux-laptop-hails-linux/733/
105,https://www.searchenginejournal.com/executive-linked-to-livedoor-scandal-commits-suicide/2789/
106,https://www.searchenginejournal.com/author/jason-lancaster/
107,https://www.searchenginejournal.com/google-looking-at-crispin-porter-to-take-over-public-relations/1213/
108,https://www.searchenginejournal.com/how-to-use-twitters-buy-button-for-immediate-sales-conversion-an-sejsummit-interview-with-dennis-goedegebuure/138391/
109,https://www.searchenginejournal.com/microsoft-acquires-motionbridge-mobile-search/2925/
110,https://www.searchenginejournal.com/microsofts-bill-gates-open-to-buying-nintendo/730/
111,https://www.searchenginejournal.com/yahoo-says-search-ad-deal-with-google-is-good-for-advertisers/7675/
112,https://www.searchenginejournal.com/microsoft-closes-aquantive-acquisition-forms-ad-group/5471/
113,https://www.searchenginejournal.com/local-search-performance-and-google-click-to-call/3039/
114,https://www.searchenginejournal.com/google-tests-personalized-search/408/
115,https://www.searchenginejournal.com/everything-but-google-alternative-search-marketing-options-ses-san-jose/7535/
116,https://www.searchenginejournal.com/ask-com-launches-the-yahoo-deals-like-service-on-search-engine/13816/
117,https://www.searchenginejournal.com/ngoogle-powered-site-search-boosts-conversions-for-net-retailer/1996/
118,https://www.searchenginejournal.com/top-google-exec-donates-3-million-to-sjsu-engineering-dept/6512/
119,https://www.searchenginejournal.com/yahoo-announces-new-mobile-content-service-oneplace/6454/
120,https://www.searchenginejournal.com/google-places-for-ios-is-now-google-local/56244/
121,https://www.searchenginejournal.com/microsoft-introduces-engagement-roi-tool-for-better-ad-campaign-analysis/6419/
122,https://www.searchenginejournal.com/attending-cnet-japan-search-engine-conference-on-friday/2525/
123,https://www.searchenginejournal.com/microsoft-to-revamp-msn-portal-to-fully-integrate-bing/11263/
124,https://www.searchenginejournal.com/yahoo-rolls-out-self-service-display-ads/11309/
125,https://www.searchenginejournal.com/sessf-2013-future-local-search-recap/69473/
126,https://www.searchenginejournal.com/google-plans-boost-subscriptions-news-publishers/211250/
127,https://www.searchenginejournal.com/aol-feeding-featured-content-into-video-search-engine/2394/
128,https://www.searchenginejournal.com/reminder-about-tonights-dallas-meetup-the-local-social/67816/
129,https://www.searchenginejournal.com/yahoo-puts-inktomi-to-the-test-cnet-newscom/76/
130,https://www.searchenginejournal.com/minetech-search-engine-eliminates-random-search-queries/422/
131,https://www.searchenginejournal.com/state-senator-drafts-bill-in-wake-of-google-gmail-complaints/480/
132,https://www.searchenginejournal.com/use-hreflang-correctly-interview-bill-hunt/176855/
133,https://www.searchenginejournal.com/webtrends-analytics-names-ex-googler-new-ceo/6672/
134,https://www.searchenginejournal.com/careerbuildercom-selling-contextual-advertising-via-quigo/3791/
135,https://www.searchenginejournal.com/google-acquires-gecko-design-designers-original-fitbit/114565/
136,https://www.searchenginejournal.com/barack-obama-vs-hillary-clinton-super-tuesday-search/6334/
137,https://www.searchenginejournal.com/msn-to-debute-paid-search-ads-today/2250/
138,https://www.searchenginejournal.com/speakers-announced-sejsummit-new-york/168076/
139,https://www.searchenginejournal.com/yahoo-and-rim-bring-yahoo-messenger-to-blackberry/1414/
140,https://www.searchenginejournal.com/author/ryan-hanley/
141,https://www.searchenginejournal.com/google-goes-public-files-for-ipo/505/
142,https://www.searchenginejournal.com/yahoo-snags-ad-serving-deal-with-wal-mart/7045/
143,https://www.searchenginejournal.com/5-marvelous-possibilities-wed-like-see-disney-netflix-deal/76655/
144,https://www.searchenginejournal.com/george-w-bush-beats-out-bloggers-for-times-man-of-the-year/1169/
145,https://www.searchenginejournal.com/7-ways-facebooks-big-algorithm-change-will-affect-marketers-publishers/170485/
146,https://www.searchenginejournal.com/former-yahoor-now-ceo-of-sidestep-travel-search-engine/2771/
147,https://www.searchenginejournal.com/youtube-videos-will-soon-available-offline-india/115953/
148,https://www.searchenginejournal.com/optimize-seasonal-keywords/186775/
149,https://www.searchenginejournal.com/author/motoko-hunt/
150,https://www.searchenginejournal.com/50-customer-service-quotes-live/138453/
151,https://www.searchenginejournal.com/google-coronavirus-covid-19-testing-website/355086/
152,https://www.searchenginejournal.com/google-wants-to-improve-web-browsers/955/
153,https://www.searchenginejournal.com/google-powered-tv-news-google-current/1523/
154,https://www.searchenginejournal.com/susan-wojcicki-on-growing-youtube-creator-economy/393736/
155,https://www.searchenginejournal.com/linking-and-off-page-seo-most-important-to-search-engines/3640/
156,https://www.searchenginejournal.com/ny-times-about-to-relaunch-aboutcom/2621/
157,https://www.searchenginejournal.com/blackberry-bringing-aol-and-yahoo-instant-messaging/1419/
158,https://www.searchenginejournal.com/yahoo-merges-search-marketing-display-advertising-sales-divisions/5177/
159,https://www.searchenginejournal.com/search-marketing-company-wordstream-acquired-130-million/252497/
160,https://www.searchenginejournal.com/html5-an-essential-weapon-for-seos/62512/
161,https://www.searchenginejournal.com/twitter-partners-with-nbc-for-olympics-hub/56268/
162,https://www.searchenginejournal.com/link-love-political-activism-free-links-from-botw/2745/
163,https://www.searchenginejournal.com/ebay-buys-shoppingcom/1770/
164,https://www.searchenginejournal.com/sej-ses-san-francisco-mining-search-keywords-social-revenue-opptys-session-recap-sessf/69677/
165,https://www.searchenginejournal.com/kanoodle-appoints-lance-podell-as-ceo/1266/
166,https://www.searchenginejournal.com/askcom-adds-health-smart-answers/5476/
167,https://www.searchenginejournal.com/salesforce-ties-up-with-google/6690/
168,https://www.searchenginejournal.com/superpagescom-adds-merchant-comparison-feature/5624/
169,https://www.searchenginejournal.com/ask-jeeves-opens-european-research-center/2895/
170,https://www.searchenginejournal.com/author/debbie-miller/
171,https://www.searchenginejournal.com/eu-calls-search-engines-transparent-ads/161728/
172,https://www.searchenginejournal.com/fybersearch-releases-tutorial-and-lessons-search-engine/1721/
173,https://www.searchenginejournal.com/yahoo-ads-appearing-in-ebay-search-results/3651/
174,https://www.searchenginejournal.com/microsoft-releases-anti-spyware-application/1227/
175,https://www.searchenginejournal.com/google-drive-finally-live/42996/
176,https://www.searchenginejournal.com/myspace-myads-want-a-piece-of-the-online-advertising-market/7830/
177,https://www.searchenginejournal.com/experts-say-google-panda-4-0-payday-loan-2-0-updates/106441/
178,https://www.searchenginejournal.com/smx-panel-recap-a-marketer%E2%80%99s-guide-to-social-bookmarking-tagging/5831/
179,https://www.searchenginejournal.com/making-conversion-happen-benj-arriola-seosummit-recap/110451/
180,https://www.searchenginejournal.com/youtube-video-reach-campaigns/327111/
181,https://www.searchenginejournal.com/google-vp-is-new-facebook-coo/6456/
182,https://www.searchenginejournal.com/jim-lanzone-ceo-of-askcom-the-firefox-of-search/3325/
183,https://www.searchenginejournal.com/microsoft-accuses-google-of-profiting-from-spam/27632/
184,https://www.searchenginejournal.com/ebay-buys-25-of-craiglist/777/
185,https://www.searchenginejournal.com/saddam-hussein-execution-internet-wikipedia-coverage/4181/
186,https://www.searchenginejournal.com/what-google-partners-changes-mean-for-agencies-clients-podcast/350014/
187,https://www.searchenginejournal.com/askcom-expands-in-france-italy-and-the-netherlands/3074/
188,https://www.searchenginejournal.com/author/julian-connors/
189,https://www.searchenginejournal.com/new-marketingnerds-ebays-search-technology-helps-users-find-listings/130138/
190,https://www.searchenginejournal.com/author/garrett-pierson/
191,https://www.searchenginejournal.com/google-vs-myspacecom-youtube-fallout/3883/
192,https://www.searchenginejournal.com/social-media-survive-thrive-in-tough-times/380037/
193,https://www.searchenginejournal.com/microsoft-unveils-healthvault-online-health-info-storage/5768/
194,https://www.searchenginejournal.com/new-york-times-invests-in-indeedcom-job-search/2012/
195,https://www.searchenginejournal.com/ask-jeeves-launches-new-image-search-engine/2818/
196,https://www.searchenginejournal.com/do-keywords-matter/145210/
197,https://www.searchenginejournal.com/webinar-how-to-use-a-podcast-to-build-your-email-list/156754/
198,https://www.searchenginejournal.com/new-york-times-acquires-aboutcom/1325/
199,https://www.searchenginejournal.com/reporting-seo-competition-to-google-conflicting-reports/6956/
200,https://www.searchenginejournal.com/yahoo-and-ups-partner-for-yahoo-small-business-shipping-tools/517/
201,https://www.searchenginejournal.com/sxswi-2014-recap-creativity-innovation-entrepreneurship/94235/
202,https://www.searchenginejournal.com/google-desktop-fixes-ie-related-security-hole/2618/
203,https://www.searchenginejournal.com/microsoft-plans-to-establish-a-europen-search-tech-center-stc/7135/
204,https://www.searchenginejournal.com/yahoos-new-uc-berkeley-research-lab/1911/
205,https://www.searchenginejournal.com/author/marias/
206,https://www.searchenginejournal.com/reddit-raises-50-million-funding-promises-share-10-users/117346/
207,https://www.searchenginejournal.com/aol-launches-indian-language-portal/5928/
208,https://www.searchenginejournal.com/youtube-expands-niche-channel-lineup/49861/
209,https://www.searchenginejournal.com/google-plus-user-time-low/40726/
210,https://www.searchenginejournal.com/google-search-goes-to-millions-of-nokia-handsets/6359/
211,https://www.searchenginejournal.com/managing-online-reputation-interview-nick-cuttonaro/88255/
212,https://www.searchenginejournal.com/sina-google/5077/
213,https://www.searchenginejournal.com/search-engine-news-review-mon-jun-18-2007/5137/
214,https://www.searchenginejournal.com/yahoo-brings-its-entertainment-portal-to-the-ipad/19607/
215,https://www.searchenginejournal.com/google-promotes-google-plus/33765/
216,https://www.searchenginejournal.com/another-google-exec-jumps-ship-this-time-its-the-cio/6645/
217,https://www.searchenginejournal.com/twitter-struggled-to-keep-up-with-inauguration-traffic/57488/
218,https://www.searchenginejournal.com/yahoo-completes-global-yahoo-search-rollout/678/
219,https://www.searchenginejournal.com/nokia-brings-msn-live-into-mobile-handsets/5536/
220,https://www.searchenginejournal.com/new-media-director-of-obama-team-keynoting-at-ses-chicago/13299/
221,https://www.searchenginejournal.com/google-custom-search-engine-launching/3932/
222,https://www.searchenginejournal.com/obama-white-house-announces-internet-team/8821/
223,https://www.searchenginejournal.com/is-twitter-on-the-road-to-an-ipo/51801/
224,https://www.searchenginejournal.com/track-presidential-election-results-online/7973/
225,https://www.searchenginejournal.com/adobe-acquisition-efficient-frontier/37131/
226,https://www.searchenginejournal.com/seo-topics-trends-greg-boser/35833/
227,https://www.searchenginejournal.com/adams-twitter-account-restored/46870/
228,https://www.searchenginejournal.com/180solutions-adware-pretends-to-clean-up-act/2176/
229,https://www.searchenginejournal.com/youtube-considering-paid-subscriptions/45006/
230,https://www.searchenginejournal.com/haiti-earthquake/16341/
231,https://www.searchenginejournal.com/wikia-grabs-grub-distrubuted-web-crawler/5391/
232,https://www.searchenginejournal.com/bing-twitter-searc/14152/
233,https://www.searchenginejournal.com/comscore-bing-losing-market-share/36403/
234,https://www.searchenginejournal.com/android-firefox/11526/
235,https://www.searchenginejournal.com/former-ask-jeeves-international-honcho-now-infosearch-media-ceo/2119/
236,https://www.searchenginejournal.com/facebook-ads-updates/416179/
237,https://www.searchenginejournal.com/twitter-mobile-revenue/45593/
238,https://www.searchenginejournal.com/quaero-european-search-engine-goals-and-plans/2766/
239,https://www.searchenginejournal.com/google-adwords-gets-a-new-partner/5131/
240,https://www.searchenginejournal.com/yahoo-japan-switching-to-google-as-search-provider/22990/
241,https://www.searchenginejournal.com/kanoodle-and-typepad-movable-type-partner-for-sponsored-blogs/1036/
242,https://www.searchenginejournal.com/keyword-research/localization-success/
243,https://www.searchenginejournal.com/its-official-carol-bartz-is-the-new-yahoo-ceo-as-sue-decker-resigns/8289/
244,https://www.searchenginejournal.com/zoominfo-provides-background-searches-for-businessweek/2023/
245,https://www.searchenginejournal.com/political-search-for-watch-dogging-government-information-awareness/61/
246,https://www.searchenginejournal.com/obama-weekly-video-address/8353/
247,https://www.searchenginejournal.com/yahoo-adopting-paid-inclusion-for-search/324/
248,https://www.searchenginejournal.com/podscope-search-engine-plans-to-index-all-podcast/1969/
249,https://www.searchenginejournal.com/yahoo-and-t-mobile-team-up-for-mobile-search/6360/
250,https://www.searchenginejournal.com/yahoo-to-serve-ads-on-bebo/5628/
251,https://www.searchenginejournal.com/google-launches-free-music-download-service-in-china/7448/
252,https://www.searchenginejournal.com/microsoft-worries-about-the-google-yahoo-search-ad-deal/7310/
253,https://www.searchenginejournal.com/china-has-137-million-users-that-need-purification/4312/
254,https://www.searchenginejournal.com/sue-decker-under-scores-yahoos-strategy-as-she-explains-evp-weiners-departure/7132/
255,https://www.searchenginejournal.com/microsoft-memos-employees-about-microsoft-yahoo-merger-plans/6413/
256,https://www.searchenginejournal.com/andy-beal-resigns-from-websourced/1906/
257,https://www.searchenginejournal.com/microsoft-to-acquire-advertising-marketplace/5385/
258,https://www.searchenginejournal.com/microsoft-to-serve-local-video-ads-on-online-video-network/5705/
259,https://www.searchenginejournal.com/google-acquires-security-and-enterprise-solutions-company-postini/5280/
260,https://www.searchenginejournal.com/display-advertising-is-dependent-upon-search-defined-user-intent/5862/
261,https://www.searchenginejournal.com/google-previews-new-email-gmail/416/
262,https://www.searchenginejournal.com/bloglines-acquired-by-ask-jeeves/1300/
263,https://www.searchenginejournal.com/yahoo-benefits-from-new-panama-advertising-system/4452/
264,https://www.searchenginejournal.com/bill-clinton-yahoo-and-china/2182/
265,https://www.searchenginejournal.com/microsoft-library-of-congress-team-up-to-support-new-interactive-experience-for-visitors/6224/
266,https://www.searchenginejournal.com/author/miles-price/
267,https://www.searchenginejournal.com/interview-with-yahoo-shopping-vp-rob-solomon/1917/
268,https://www.searchenginejournal.com/msn-and-yahoos-overture-extend-paid-search-relationship/1069/
269,https://www.searchenginejournal.com/tracking-user-search-engine-behavior-clicks-and-eye-paths/1360/
270,https://www.searchenginejournal.com/yahoo-acquires-bluelithium-ad-network/5589/
271,https://www.searchenginejournal.com/google-buys-its-startup-garage/3850/
272,https://www.searchenginejournal.com/yahoo-onesearch-launches-to-redefine-mobile-web-search/4230/
273,https://www.searchenginejournal.com/yahoo-acquirng-buzztracker-news-aggregator-for-5-million/5641/
274,https://www.searchenginejournal.com/fox-supoenas-youtube-google-for-user-identity/4315/
275,https://www.searchenginejournal.com/search-behavior-and-customer-experience-management/1358/
276,https://www.searchenginejournal.com/microsoft-search-still-planning-to-top-google/3027/
277,https://www.searchenginejournal.com/yahoo-taps-ramakrishnan-as-social-search-research-head/3656/
278,https://www.searchenginejournal.com/looksmart-and-bellsouth-team-for-local-search/147/
279,https://www.searchenginejournal.com/health-pricer-shopping-engine-spotlight-10/2256/
280,https://www.searchenginejournal.com/google-grows-index-to-6-billion-sites-postings-and-documents/292/
281,https://www.searchenginejournal.com/yahoo-appoints-reggie-davis-to-new-click-quality-position/4563/
282,https://www.searchenginejournal.com/google-news-biased-can-algorithms-take-sides/909/
283,https://www.searchenginejournal.com/ask-jeeves-jim-lanzone-answers-search-questions/1768/
284,https://www.searchenginejournal.com/point-search-cell-phones-hit-japan/2863/
285,https://www.searchenginejournal.com/askcom-looksmart-renew-adcenter-license/4427/
286,https://www.searchenginejournal.com/village-voice-to-develop-portal/2400/
287,https://www.searchenginejournal.com/google-and-infospace-extend-search-advertising-partnership/469/
288,https://www.searchenginejournal.com/copernic-offers-enterprise-search-indexing/455/
