,screamingfrog
0,https://www.searchenginejournal.com/visualizing-link-data-with-screaming-frog-and-excel-part-1/43641/
1,https://www.searchenginejournal.com/seo-audit/technical/
2,https://www.searchenginejournal.com/seo-audit/duplicate-content/
3,https://www.searchenginejournal.com/technical-seo/http-status-codes/
4,https://www.searchenginejournal.com/core-web-vitals-benchmarks/377324/
5,https://www.searchenginejournal.com/find-orphan-pages/276207/
6,https://www.searchenginejournal.com/regex-seo-website-data-extraction/234999/
7,https://www.searchenginejournal.com/xpaths-large-site-audits/329851/
8,https://www.searchenginejournal.com/scrape-google-serp-custom-extractions/267211/
9,https://www.searchenginejournal.com/technical-seo/404-vs-soft-404-errors/
10,https://www.searchenginejournal.com/scrape-google-serp-custom-extractions/267211/
11,https://www.searchenginejournal.com/technical-seo/404-vs-soft-404-errors/
12,https://www.searchenginejournal.com/seo-audit/on-site-technical-seo-factors/
13,https://www.searchenginejournal.com/everything-you-need-to-know-about-the-x-robots-tag/314561/
14,https://www.searchenginejournal.com/seo-audit/content-length/
15,https://www.searchenginejournal.com/enterprise-ecommerce-seo-strategy/396983/
16,https://www.searchenginejournal.com/seo-tools/technical-seo/
17,https://www.searchenginejournal.com/free-seo-site-audit-tools/284841/
18,https://www.searchenginejournal.com/link-building-guide/reclaim-lost-broken-links/
19,https://www.searchenginejournal.com/site-migration-traffic-drop/406917/
20,https://www.searchenginejournal.com/author/bartosz-goralewicz/
21,https://www.searchenginejournal.com/comprehensive-content-audit/363894/
22,https://www.searchenginejournal.com/top-paid-seo-tools/321999/
23,https://www.searchenginejournal.com/seo-101/what-people-search-for/
24,https://www.searchenginejournal.com/wordpress-seo-beyond-basics/339083/
25,https://www.searchenginejournal.com/mine-competitor-websites-untapped-keyword-opportunities/312409/
26,https://www.searchenginejournal.com/seo-audit/website-updates/
27,https://www.searchenginejournal.com/crawl-budget-seo/378857/
28,https://www.searchenginejournal.com/python-seo-data-reference-guide/287927/
29,https://www.searchenginejournal.com/diagnosing-technical-seo-problems-guide/322973/
30,https://www.searchenginejournal.com/author/joshua-titsworth/
31,https://www.searchenginejournal.com/improve-core-web-vitals-scores-page-experience-signals/386542/
32,https://www.searchenginejournal.com/google-block-mixed-content-warning/329055/
33,https://www.searchenginejournal.com/technical-seo-shopify/224787/
34,https://www.searchenginejournal.com/top-free-seo-tools/302553/
35,https://www.searchenginejournal.com/seo-tools-your-business-should-be-using-interview-with-brian-mcdowell/76449/
36,https://www.searchenginejournal.com/author/matt-green/
37,https://www.searchenginejournal.com/googles-mueller-on-keys-to-a-successful-site-migration/398150/
38,https://www.searchenginejournal.com/seo-audit/seo-audit-checklist-link-profile-audit/
39,https://www.searchenginejournal.com/seo-experiments/211128/
40,https://www.searchenginejournal.com/revamping-website-search-impact/413039/
41,https://www.searchenginejournal.com/author/stefan-winkler/
42,https://www.searchenginejournal.com/author/katya-bovykina/
43,https://www.searchenginejournal.com/link-building-guide/internal/
44,https://www.searchenginejournal.com/how-qa-testing-for-seo-can-boost-your-traffic-revenue/376469/
45,https://www.searchenginejournal.com/webdev-101-website-speed-optimization-hacks/146957/
46,https://www.searchenginejournal.com/seo-hygiene-long-term-rankings/403445/
47,https://www.searchenginejournal.com/author/geoff-kenyon/
48,https://www.searchenginejournal.com/3-free-seo-tools-for-auditing-and-troubleshooting-onsite-issues-2/62435/
49,https://www.searchenginejournal.com/pagerank-predict-nhl-playoffs/375125/
50,https://www.searchenginejournal.com/how-to-launch-new-website/269703/
51,https://www.searchenginejournal.com/technical-seo/url-parameter-handling/
52,https://www.searchenginejournal.com/diagnose-solving-seo-problems-framework/356708/
53,https://www.searchenginejournal.com/ecommerce-website-redesign-seo/251001/
54,https://www.searchenginejournal.com/avoid-local-seo-mistakes/416700/
55,https://www.searchenginejournal.com/author/ryansammy/
56,https://www.searchenginejournal.com/technical-seo/xml-sitemaps/
57,https://www.searchenginejournal.com/askanseo-questions-affects-seo-visibility/183580/
58,https://www.searchenginejournal.com/dropdown-menu-impact-authority/408726/
59,https://www.searchenginejournal.com/why-enterprise-seo-underperforms/410883/
60,https://www.searchenginejournal.com/5-small-tips-to-find-big-seo-problems/32107/
61,https://www.searchenginejournal.com/what-you-should-not-do-when-writing-a-title-tag/307361/
62,https://www.searchenginejournal.com/author/jack-cooper/
63,https://www.searchenginejournal.com/partial-content-migration/399866/
64,https://www.searchenginejournal.com/recap-evaluating-seo-sejthinktank-site-audit/125155/
65,https://www.searchenginejournal.com/recap-evaluating-sejthinktank-site-audit-march-2015/127458/
66,https://www.searchenginejournal.com/what-is-thin-content-how-to-fix-it/270583/
67,https://www.searchenginejournal.com/deindexed-by-google-how-to-recover/257921/
68,https://www.searchenginejournal.com/author/tom-demers/
69,https://www.searchenginejournal.com/technical-seo/crawl-budget/
70,https://www.searchenginejournal.com/site-audit-low-word-count/341467/
71,https://www.searchenginejournal.com/600-links-built-one-month/379729/
72,https://www.searchenginejournal.com/how-to-overcome-technical-seo-issues-on-a-budget/345274/
73,https://www.searchenginejournal.com/stupid-seo-tactics/338811/
74,https://www.searchenginejournal.com/reduce-bounce-rate/258613/
75,https://www.searchenginejournal.com/content-velocity-what-it-is-how-to-calculate-it-why-you-should-care/382710/
76,https://www.searchenginejournal.com/author/jeff-bedford/
77,https://www.searchenginejournal.com/why-how-to-repurpose-your-existing-digital-content/270741/
78,https://www.searchenginejournal.com/seo-training-programs-for-levels-of-seo-knowledge/397584/
79,https://www.searchenginejournal.com/404-page-examples/211154/
80,https://www.searchenginejournal.com/pubcon-day-1-tech-issues-link-building-tips/175833/
81,https://www.searchenginejournal.com/seo-tools/excel/
82,https://www.searchenginejournal.com/iquanti-seo-predictable/324847/
83,https://www.searchenginejournal.com/removing-16-month-google-penalty-hope-yet/66708/
84,https://www.searchenginejournal.com/seo-tactics-for-market-position/398623/
85,https://www.searchenginejournal.com/technical-seo-friendly-ux-make-your-site-run-like-clockwork/386723/
86,https://www.searchenginejournal.com/technical-seo/indexed-pages-decrease/
87,https://www.searchenginejournal.com/challenges-big-brand-house-seos-interview-nakul-goyal/176581/
88,https://www.searchenginejournal.com/sejthinktank-recap-building-business-cases-seo-keith-goode/133171/
89,https://www.searchenginejournal.com/user-behavior-seo-audits-social-media-stateofsearch-2014-day-one-recap/120494/
90,https://www.searchenginejournal.com/selecting-anchor-text-advanced-approach/353960/
91,https://www.searchenginejournal.com/avoid-seo-disaster-website-redesign/232093/
92,https://www.searchenginejournal.com/google-search-ranking-drop/206678/
93,https://www.searchenginejournal.com/seo-mobile-first-index/179639/
94,https://www.searchenginejournal.com/on-page-seo/header-tags/
95,https://www.searchenginejournal.com/on-site-seo-factors/295357/
96,https://www.searchenginejournal.com/5-ways-to-evaluate-your-authors-for-seo/372545/
97,https://www.searchenginejournal.com/evaluate-website-quality/233555/
98,https://www.searchenginejournal.com/google-mobile-first-index-tips/372595/
99,https://www.searchenginejournal.com/gsc-reports-sever-500-errors/375791/
100,https://www.searchenginejournal.com/natural-language-processing-python-seo/377051/
101,https://www.searchenginejournal.com/amp-testing/212462/
102,https://www.searchenginejournal.com/site-audits-with-sej-webinar/192077/
103,https://www.searchenginejournal.com/analytics-tools-whats-really-going-on/52775/
104,https://www.searchenginejournal.com/better-know-an-seo-pro-alan-bleiweiss-podcast-interview/363584/
105,https://www.searchenginejournal.com/technical-seo-checklist-for-non-technical-marketers/268407/
106,https://www.searchenginejournal.com/404-errors-google-crawling-indexing-ranking/261541/
107,https://www.searchenginejournal.com/reasons-why-you-should-use-seo-tools/308913/
108,https://www.searchenginejournal.com/prepare-website-domain-name-holiday-season/385159/
109,https://www.searchenginejournal.com/three-ways-a-test-crawl-could-uncover-hidden-seo-dangers/38637/
110,https://www.searchenginejournal.com/enterprise-seo-job-requirements/373163/
111,https://www.searchenginejournal.com/link-building-guide/technical-seo/
112,https://www.searchenginejournal.com/top-seo-skills/229623/
113,https://www.searchenginejournal.com/marketing-top-tools-guilt-shame-fear/340229/
114,https://www.searchenginejournal.com/improve-ecommerce-seo-no-link-building/210134/
115,https://www.searchenginejournal.com/migrating-to-hubspot-cms-an-seo-walkthrough-for-new-users/381878/
116,https://www.searchenginejournal.com/linking-2012-effective-link-building-techniques-in-2012/42674/
117,https://www.searchenginejournal.com/website-taxonomy/361348/
118,https://www.searchenginejournal.com/3-areas-to-audit-on-local-sites-to-create-a-stronger-seo-foundation/295719/
119,https://www.searchenginejournal.com/askanseo-rapid-fire-header-tags-seo-resources-tools/169007/
120,https://www.searchenginejournal.com/u-s-district-judge-orders-yahoo-add-microsoft-search-remaining-markets/74175/
121,https://www.searchenginejournal.com/easy-seo-wins/303251/
122,https://www.searchenginejournal.com/when-to-use-nofollow-on-links/383468/
123,https://www.searchenginejournal.com/ecommerce-guide/technical-seo/
124,https://www.searchenginejournal.com/smx-west-2013-a-few-takeaways/61690/
125,https://www.searchenginejournal.com/11-ways-accelerate-page-load-time-prospects-bounce/163871/
126,https://www.searchenginejournal.com/how-to-handle-out-of-stock-products-on-ecommerce-platforms/381538/
127,https://www.searchenginejournal.com/embracing-bing-search/391292/
128,https://www.searchenginejournal.com/shelly-fagin-podcast-interview/347016/
129,https://www.searchenginejournal.com/find-leverage-freshest-links/144330/
130,https://www.searchenginejournal.com/how-to-build-the-right-set-of-seo-resources-for-your-company/391185/
131,https://www.searchenginejournal.com/citations-local-seo-guide/347380/
132,https://www.searchenginejournal.com/author/jenny-halasz/
133,https://www.searchenginejournal.com/seo-ecommerce-platform-migration/217307/
134,https://www.searchenginejournal.com/html-sitemap-importance/325405/
135,https://www.searchenginejournal.com/link-building-guide/free-tools/
136,https://www.searchenginejournal.com/technical-seo/website-navigation/
137,https://www.searchenginejournal.com/simple-effective-seo-tweaks/293589/
138,https://www.searchenginejournal.com/improve-remove-old-content/300961/
139,https://www.searchenginejournal.com/link-building-guide/broken-link-building/
140,https://www.searchenginejournal.com/google-duplicate-content/228513/
141,https://www.searchenginejournal.com/julie-joyce-better-know-an-seo-podcast/334081/
142,https://www.searchenginejournal.com/top-backlink-profiles-built-webinar-recap/183727/
143,https://www.searchenginejournal.com/google-search-operators-commands/215331/
144,https://www.searchenginejournal.com/domain-extensions-use-international-seo/143303/
145,https://www.searchenginejournal.com/facebook-microsoft-google-ads-comparison/397091/
146,https://www.searchenginejournal.com/11-seo-tips-tricks-to-improve-indexation/288521/
147,https://www.searchenginejournal.com/3-major-seo-steps-website-relaunch/185351/
148,https://www.searchenginejournal.com/generate-quality-faqs-faqpage-schemas-with-python/380004/
149,https://www.searchenginejournal.com/seo-niche-markets/351286/
150,https://www.searchenginejournal.com/ryan-jones-better-know-an-seo-podcast/344548/
151,https://www.searchenginejournal.com/recap-day-2-copyblogger-authority-2015/132844/
152,https://www.searchenginejournal.com/technical-seo-why-important/241007/
153,https://www.searchenginejournal.com/enterprise-seo-foundation/250743/
154,https://www.searchenginejournal.com/steal-organic-clicks-from-industry-giants/322309/
155,https://www.searchenginejournal.com/essential-optimizations-modernize-your-website/351550/
156,https://www.searchenginejournal.com/analyze-ranking-crash/298783/
157,https://www.searchenginejournal.com/content-devaluation/248027/
158,https://www.searchenginejournal.com/aleyda-solis-better-know-an-seo-pro/329391/
159,https://www.searchenginejournal.com/audit-page-titles-for-seo/263201/
160,https://www.searchenginejournal.com/non-seo-tools/217403/
161,https://www.searchenginejournal.com/seo-guide/local-seo-for-beginners/
162,https://www.searchenginejournal.com/small-business-seo-improve-rankings/260141/
163,https://www.searchenginejournal.com/get-more-links-to-your-website/222127/
164,https://www.searchenginejournal.com/4-new-edge-seo-capabilities-with-shopify/361286/
165,https://www.searchenginejournal.com/9-things-validate-auditing-e-commerce-sites-seo/158361/
166,https://www.searchenginejournal.com/seo-guide-to-ecommerce/162353/
167,https://www.searchenginejournal.com/increase-keyword-rank-without-link-building/321727/
168,https://www.searchenginejournal.com/correlational-on-page-seo-tools/299303/
169,https://www.searchenginejournal.com/techseoboost-2019-takeaways/339295/
170,https://www.searchenginejournal.com/4-essential-seo-strategies-you-need-to-focus-on-this-year/295349/
171,https://www.searchenginejournal.com/content-marketing-kpis/seo/
172,https://www.searchenginejournal.com/7-low-hanging-fruits-seo-can-fix/141016/
173,https://www.searchenginejournal.com/11-ways-accelerate-page-load-time-prospects-bounce/163871/?utm_medium=feed&utm_source=feedpress.me&utm_campaign=Feed%3A+searchenginejournal
174,https://www.searchenginejournal.com/mine-serps-seo-content-customer-insights/311137/
175,https://www.searchenginejournal.com/seo-job-interview-questions/303921/
176,https://www.searchenginejournal.com/enterprise-level-site-migration/268923/
177,https://www.searchenginejournal.com/8-ways-to-become-a-great-seo-consultant/344055/
178,https://www.searchenginejournal.com/friends-of-search-2015-exclusive-insight-from-6-speakers/128803/
179,https://www.searchenginejournal.com/affiliate-marketing-trends-crazy-pr-stunts-dropping-f-bombs-with-adam-riemer-podcast/351426/
180,https://www.searchenginejournal.com/retain-traffic-domain-change/132200/
181,https://www.searchenginejournal.com/content-optimization-boost-traffic/259311/
182,https://www.searchenginejournal.com/roi-driven-seo-3-powerful-tips-to-effectively-convert-your-seo-traffic/41877/
183,https://www.searchenginejournal.com/set-seo-client-expectations-podcast/217969/
184,https://www.searchenginejournal.com/how-to-rank-better-google/269719/
185,https://www.searchenginejournal.com/local-website/201144/
186,https://www.searchenginejournal.com/7-key-considerations-when-developing-your-in-house-seo-structure/271287/
187,https://www.searchenginejournal.com/choose-keywords-earn-links/256379/
188,https://www.searchenginejournal.com/ad-extensions-conversions/221149/
189,https://www.searchenginejournal.com/get-serps-back-seo-rankings-drop/192677/
190,https://www.searchenginejournal.com/google-pagerank-explained/350630/
191,https://www.searchenginejournal.com/complete-seo-checklist-for-website-owners/261327/
192,https://www.searchenginejournal.com/dominate-niche-7-killer-keyword-research-strategies/179537/
193,https://www.searchenginejournal.com/submit-websites-webpages-search-engines/296253/
194,https://www.searchenginejournal.com/shortlist-announced-2016-uk-search-awards/178158/
195,https://www.searchenginejournal.com/mistakes-new-ecommerce-sites-make/250451/
196,https://www.searchenginejournal.com/optimize-multiple-keywords/205978/
197,https://www.searchenginejournal.com/googles-penguin-algorithm-really-research/185261/
198,https://www.searchenginejournal.com/local-seo-strategies-smbs/194305/
199,https://www.searchenginejournal.com/9-habits-seo-freelancer/174022/
200,https://www.searchenginejournal.com/working-from-home-31-tips-to-be-more-productive-successful/319835/
